{
  "gpu_name": "NVIDIA GeForce RTX 4090 D",
  "gpu_memory_gb": 23.98779296875,
  "transfer_time_ms": 0.8227266371250153,
  "gpu_compute_time_ms": 0.1049824059009552,
  "cpu_time_table": [
    0.3527522087097168,
    0.3398776054382324,
    0.37516355514526367,
    0.48410892486572266,
    0.5195021629333496,
    0.6214380264282227,
    0.7848143577575684,
    0.8597016334533691,
    0.9538650512695312,
    0.9665012359619141,
    1.024782657623291,
    1.1516571044921875,
    1.2375235557556152,
    1.2829780578613281,
    1.3797760009765625,
    1.422107219696045,
    1.504349708557129,
    1.668095588684082,
    1.704561710357666,
    1.7678618431091309,
    1.952195167541504,
    2.1284103393554688,
    2.0927906036376953,
    2.135610580444336,
    2.2724151611328125,
    2.33914852142334,
    2.3913025856018066,
    2.479267120361328,
    2.610480785369873,
    2.651858329772949,
    2.7519941329956055,
    2.92283296585083,
    2.9456496238708496,
    2.970397472381592,
    3.094148635864258,
    3.10513973236084,
    3.142571449279785,
    3.2999634742736816,
    3.349149227142334,
    3.5340309143066406,
    3.769505023956299,
    3.787708282470703,
    3.7922024726867676,
    4.011082649230957,
    4.034090042114258,
    4.049527645111084,
    4.254281520843506,
    4.353666305541992,
    4.18773889541626,
    4.517710208892822,
    4.529166221618652,
    4.511678218841553,
    4.69900369644165,
    4.930388927459717,
    4.939818382263184,
    5.116736888885498,
    5.013930797576904,
    4.878437519073486,
    5.160403251647949,
    5.394959449768066,
    5.48551082611084,
    5.55267333984375,
    5.595970153808594,
    5.769789218902588
  ],
  "attention_time_table": [
    0.6732940673828125,
    0.5700826644897461,
    0.5503296852111816,
    0.5713939666748047,
    0.6009578704833984,
    0.5420923233032227,
    0.5840420722961426,
    0.5722403526306152,
    0.5307435989379883,
    0.5294919013977051,
    0.5257368087768555,
    0.5981802940368652,
    0.6280422210693359,
    0.5642890930175781,
    0.5427241325378418,
    0.5637407302856445,
    0.7269144058227539,
    0.6071090698242188,
    0.536048412322998,
    0.5456805229187012,
    0.5550026893615723,
    0.5380392074584961,
    0.5379557609558105,
    0.5308985710144043,
    0.5496382713317871,
    0.6460785865783691,
    0.6408572196960449,
    0.6095290184020996,
    0.6183862686157227,
    0.609743595123291,
    0.5621671676635742,
    0.5623817443847656,
    0.6103634834289551,
    0.550389289855957,
    0.5966544151306152,
    0.5576014518737793,
    0.5424380302429199,
    0.5827665328979492,
    0.5764126777648926,
    0.6035327911376953,
    0.592803955078125,
    0.6426692008972168,
    0.6251335144042969,
    0.6650209426879883,
    0.5492210388183594,
    0.5527377128601074,
    0.5879878997802734,
    0.5932092666625977,
    0.5679488182067871,
    0.5483627319335938,
    0.6237506866455078,
    0.625300407409668,
    0.5612850189208984,
    0.6302714347839355,
    0.5800843238830566,
    0.607597827911377,
    0.5815625190734863,
    0.5750894546508789,
    0.5758523941040039,
    0.6005167961120605,
    0.5538105964660645,
    0.5858778953552246,
    0.5772948265075684,
    0.5702972412109375
  ]
}