{
  "gpu_name": "NVIDIA GeForce RTX 4090 D",
  "gpu_memory_gb": 23.98779296875,
  "transfer_time_ms": 1.0904446244239807,
  "gpu_compute_time_ms": 0.13715028762817383,
  "cpu_time_table": [
    0.0740209404303103,
    0.1480418808606206,
    0.2220628212909309,
    0.2960837617212412,
    0.3701047021515515,
    0.4441256425818618,
    0.5181465830121721,
    0.5964909281049455,
    0.6891897746494837,
    0.7616588047572544,
    0.8382558822631835,
    0.9263328143528529,
    1.0289566857474188,
    1.1171800749642506,
    1.2258989470345631,
    1.326850482395717,
    1.4188238552638464,
    1.5158908707754952,
    1.632627419063023,
    1.7147013119288854,
    1.804493154798235,
    1.9022107124328616,
    1.9895161901201521,
    2.0825317927769254,
    2.181112766265869,
    2.2654329027448386,
    2.37309421811785,
    2.485288892473493,
    2.562817505427769,
    2.662643364497593,
    2.767620767865862,
    2.8809768812997003,
    2.989249570029122,
    3.0734964779445106,
    3.151418481554304,
    3.244587353297642,
    3.3277102879115508,
    3.4098335674830835,
    3.4824728965759273,
    3.539732524326869,
    3.625815255301339,
    3.722158500126429,
    3.824671677180698,
    3.9145742143903455,
    4.016166073935373,
    4.099675587245395,
    4.202532768249512,
    4.285952023097447,
    4.364264011383056,
    4.444260256631034,
    4.543229511805943,
    4.628694057464598,
    4.7260284423828125,
    4.824723516191754,
    4.923667226518904,
    5.037680694035121,
    5.140650272369385,
    5.241712502070835,
    5.3457243101937415,
    5.464153630392891,
    5.577918461390904,
    5.692183971405029,
    5.7821341923304965,
    5.870585782187326
  ],
  "attention_time_table": [
    0.0,
    0.0,
    0.0,
    0.0,
    0.0,
    0.0,
    0.0,
    0.0,
    0.0,
    0.0,
    0.0,
    0.0,
    0.0,
    0.0,
    0.0,
    0.0,
    0.0,
    0.0,
    0.0,
    0.0,
    0.0,
    0.0,
    0.0,
    0.0,
    0.0,
    0.0,
    0.0,
    0.0,
    0.0,
    0.0,
    0.0,
    0.0,
    0.0,
    0.0,
    0.0,
    0.0,
    0.0,
    0.0,
    0.0,
    0.0,
    0.0,
    0.0,
    0.0,
    0.0,
    0.0,
    0.0,
    0.0,
    0.0,
    0.0,
    0.0,
    0.0,
    0.0,
    0.0,
    0.0,
    0.0,
    0.0,
    0.0,
    0.0,
    0.0,
    0.0,
    0.0,
    0.0,
    0.0,
    0.0
  ]
}