{
  "gpu_name": "NVIDIA GeForce RTX 4090 D",
  "gpu_memory_gb": 23.98779296875,
  "transfer_time_ms": 1.8216371536254883,
  "gpu_compute_time_ms": 0.7095672190189362,
  "cpu_time_table": [
    0.0,
    0.0,
    0.0,
    0.0,
    0.0,
    0.0,
    0.4188214029584612,
    0.5137460572378976,
    0.6073015076773507,
    0.714451926095145,
    0.8195791925702776,
    0.9173239980425152,
    1.0178378650120325,
    1.1104430471147808,
    1.1973329952784946,
    1.2776289667401992,
    1.3630305017743791,
    1.4434286526271274,
    1.5337858881269182,
    1.6081605638776506,
    1.691382271902902,
    1.760908535548619,
    1.8562470163617815,
    1.9459264619009835,
    2.0578503608703613,
    2.152332237788609,
    2.2645115852355957,
    2.3696030889238626,
    2.4867517607552663,
    2.58887665612357,
    2.692232813153948,
    2.765149729592459,
    2.8523581368582587,
    2.9481938907078336,
    3.040449959891183,
    3.119238785334996,
    3.2130616051810126,
    3.2939399991716654,
    3.3957685743059427,
    3.489504541669573,
    3.55104889188494,
    3.6251596042088097,
    3.728141103472028,
    3.809361798422677,
    3.881783144814627,
    3.9301872253417964,
    4.0176834378923685,
    4.1175263268607,
    4.214586530412945,
    4.279053211212157,
    4.360500403812954,
    4.448119231632778,
    4.553897040230886,
    4.630519662584576,
    4.716064248766218,
    4.809025355747768,
    4.9035259655543735,
    5.017975398472377,
    5.11014631816319,
    5.18388407570975,
    5.278139454977852,
    5.353047166551861,
    5.464899539947509,
    5.555975437164307
  ],
  "attention_time_table": [
    0.0,
    0.0,
    0.0,
    0.0,
    0.0,
    0.0,
    0.0,
    0.0,
    0.0,
    0.0,
    0.0,
    0.0,
    0.0,
    0.0,
    0.0,
    0.0,
    0.0,
    0.0,
    0.0,
    0.0,
    0.0,
    0.0,
    0.0,
    0.0,
    0.0,
    0.0,
    0.0,
    0.0,
    0.0,
    0.0,
    0.0,
    0.0,
    0.0,
    0.0,
    0.0,
    0.0,
    0.0,
    0.0,
    0.0,
    0.0,
    0.0,
    0.0,
    0.0,
    0.0,
    0.0,
    0.0,
    0.0,
    0.0,
    0.0,
    0.0,
    0.0,
    0.0,
    0.0,
    0.0,
    0.0,
    0.0,
    0.0,
    0.0,
    0.0,
    0.0,
    0.0,
    0.0,
    0.0,
    0.0
  ]
}